{
    "3214234": {
        "owner_name": "Daniel Tsoref",
        "balance": 234342342342.0,
        "transactions": []
    },
    "13": {
        "owner_name": "anonimous",
        "balance": 27222.0,
        "transactions": [
            "Deposit: +5000.0"
        ]
    },
    "5": {
        "owner_name": "DOMINIK TORETTO",
        "balance": 2.342342343244234e+28,
        "transactions": [
            "Deposit: +2.3423423432442343e+28",
            "Widthdrawal: -2333333333333.1 includes 111111111111.1 commision"
        ]
    },
    "6": {
        "owner_name": "bibi",
        "balance": 65659.9,
        "transactions": [
            "Deposit: +40000.0",
            "Widthdrawal: -2333.1 includes 111.10000000000001 commision",
            "Deposit: +3243.0",
            "Widthdrawal: -5250.0 includes 250.0 commision"
        ]
    },
    "777": {
        "owner_name": "BATMAN",
        "balance": 3327534938.75,
        "transactions": [
            "Deposit: +3453453534.0",
            "Widthdrawal: -362496272.25 includes 17261727.25 commision",
            "Deposit: +2343443.0"
        ]
    },
    "7": {
        "owner_name": "ronaldo",
        "balance": 247375.1,
        "transactions": [
            "Deposit: +250000.0",
            "Widthdrawal: -2625.0 includes 125.0 commision"
        ]
    },
    "47": {
        "owner_name": "who?",
        "balance": 645150.35,
        "transactions": [
            "Deposit: +80085.0",
            "Widthdrawal: -34999.65 includes 1666.65 commision"
        ]
    },
    "9": {
        "owner_name": "ani lo medaber ivrit",
        "balance": 50035.0,
        "transactions": [
            "Deposit: +35.0"
        ]
    }
}